{
  "experiment_setup": {
    "config_path": "/n/home10/dpodolskyi/neural-registration/outputs/0_065_cat5_2/instant-ngp/2024-08-20_140044/config.yml",
    "loss_function": "StructuralSimilarityIndexLoss()",
    "learning_rate": 0.01,
    "camera_params": {
      "camera_angle_x": 0.5235987755982988,
      "camera_angle_y": 0.5235987755982988,
      "fl_x": 955.4050067376327,
      "fl_y": 955.4050067376327,
      "k1": 0,
      "k2": 0,
      "k3": 0,
      "k4": 0,
      "p1": 0,
      "p2": 0,
      "is_fisheye": false,
      "cx": 256.0,
      "cy": 256.0,
      "w": 512,
      "h": 512,
      "aabb_scale": 32
    },
    "initial_pose": [
      [
        -0.22050356252784914,
        -0.21815496526436798,
        -0.9506769378280965,
        -0.11759859962687236
      ],
      [
        -0.9667345488427059,
        0.17840946798457152,
        0.18328781780085426,
        0.23202394833190748
      ],
      [
        0.12962461109327447,
        0.9594677995182522,
        -0.2502378640609084,
        -0.2691504040773247
      ],
      [
        0.0,
        0.0,
        0.0,
        1.0
      ]
    ],
    "batch_size": 12
  },
  "iterations": [
    {
      "iteration_step": 0,
      "pose_param": [
        [
          -0.21048153936862946,
          -0.20813319087028503,
          -0.9605818390846252,
          -0.10758683830499649
        ],
        [
          -0.9566378593444824,
          0.1683916449546814,
          0.19326947629451752,
          0.22200076282024384
        ],
        [
          0.11961165070533752,
          0.949371874332428,
          -0.2402128279209137,
          -0.279123455286026
        ]
      ],
      "loss_value": 0.005452156066894531
    },
    {
      "iteration_step": 1,
      "pose_param": [
        [
          -0.20048728585243225,
          -0.20141182839870453,
          -0.9704030156135559,
          -0.09756635874509811
        ],
        [
          -0.9465457797050476,
          0.15859660506248474,
          0.18801777064800262,
          0.22652004659175873
        ],
        [
          0.11080372333526611,
          0.9394906759262085,
          -0.24574226140975952,
          -0.2725195586681366
        ]
      ],
      "loss_value": 0.004979491233825684
    }
  ],
  "final_results": {
    "total_steps": 0,
    "final_loss": 0.0,
    "min_loss": 0.0,
    "time_elapsed": 0.0
  }
}