{
  "experiment_setup": {
    "config_path": "/n/home10/dpodolskyi/neural-registration/outputs/0_065_cat5_2/instant-ngp/2024-08-20_140044/config.yml",
    "loss_function": "StructuralSimilarityIndexLoss()",
    "learning_rate": 0.01,
    "camera_params": {
      "camera_angle_x": 0.5235987755982988,
      "camera_angle_y": 0.5235987755982988,
      "fl_x": 955.4050067376327,
      "fl_y": 955.4050067376327,
      "k1": 0,
      "k2": 0,
      "k3": 0,
      "k4": 0,
      "p1": 0,
      "p2": 0,
      "is_fisheye": false,
      "cx": 256.0,
      "cy": 256.0,
      "w": 512,
      "h": 512,
      "aabb_scale": 32
    },
    "initial_pose": [
      [
        -0.22050356252784914,
        -0.21815496526436798,
        -0.9506769378280965,
        -0.11759859962687236
      ],
      [
        -0.9667345488427059,
        0.17840946798457152,
        0.18328781780085426,
        0.23202394833190748
      ],
      [
        0.12962461109327447,
        0.9594677995182522,
        -0.2502378640609084,
        -0.2691504040773247
      ],
      [
        0.0,
        0.0,
        0.0,
        1.0
      ]
    ],
    "batch_size": 12
  },
  "iterations": [
    {
      "iteration_step": 0,
      "pose_param": [
        [
          -0.21048153936862946,
          -0.20813319087028503,
          -0.9605818390846252,
          -0.10758683830499649
        ],
        [
          -0.9566378593444824,
          0.1683916449546814,
          0.19326947629451752,
          0.22200076282024384
        ],
        [
          0.11961165070533752,
          0.949371874332428,
          -0.2402128279209137,
          -0.279123455286026
        ]
      ],
      "loss_value": 0.005452156066894531
    },
    {
      "iteration_step": 1,
      "pose_param": [
        [
          -0.20048728585243225,
          -0.20141182839870453,
          -0.9703670144081116,
          -0.09756635874509811
        ],
        [
          -0.9465457797050476,
          0.15859660506248474,
          0.18801777064800262,
          0.2264007180929184
        ],
        [
          0.11080372333526611,
          0.9394906759262085,
          -0.24574226140975952,
          -0.2725195586681366
        ]
      ],
      "loss_value": 0.004979491233825684
    },
    {
      "iteration_step": 2,
      "pose_param": [
        [
          -0.19844114780426025,
          -0.20225036144256592,
          -0.9739052057266235,
          -0.09395728260278702
        ],
        [
          -0.9432850480079651,
          0.14870622754096985,
          0.19143298268318176,
          0.22261980175971985
        ],
        [
          0.10154074430465698,
          0.9301233887672424,
          -0.2533571422100067,
          -0.26435279846191406
        ]
      ],
      "loss_value": 0.004572689533233643
    },
    {
      "iteration_step": 3,
      "pose_param": [
        [
          -0.19938604533672333,
          -0.20483200252056122,
          -0.9750604033470154,
          -0.09298015385866165
        ],
        [
          -0.9440930485725403,
          0.13895198702812195,
          0.19655181467533112,
          0.21715620160102844
        ],
        [
          0.09202039986848831,
          0.9209769368171692,
          -0.2607853412628174,
          -0.2563686668872833
        ]
      ],
      "loss_value": 0.0036307573318481445
    },
    {
      "iteration_step": 4,
      "pose_param": [
        [
          -0.19831447303295135,
          -0.20922017097473145,
          -0.9778457880020142,
          -0.09055110812187195
        ],
        [
          -0.9446079730987549,
          0.12922149896621704,
          0.19961179792881012,
          0.21395106613636017
        ],
        [
          0.08273134380578995,
          0.9133940935134888,
          -0.2622659206390381,
          -0.25449851155281067
        ]
      ],
      "loss_value": 0.0037677884101867676
    }
  ],
  "final_results": {
    "total_steps": 5,
    "final_loss": 0.0037677884101867676,
    "min_loss": 0.0036307573318481445,
    "time_elapsed": 63.66688394546509,
    "best_pose": [
      [
        -0.19938604533672333,
        -0.20483200252056122,
        -0.9750604033470154,
        -0.09298015385866165
      ],
      [
        -0.9440930485725403,
        0.13895198702812195,
        0.19655181467533112,
        0.21715620160102844
      ],
      [
        0.09202039986848831,
        0.9209769368171692,
        -0.2607853412628174,
        -0.2563686668872833
      ]
    ],
    "best_iteration": 3
  }
}