{
  "experiment_setup": {
    "config_path": "/n/home10/dpodolskyi/neural-registration/outputs/0_065_cat5_2/instant-ngp/2024-08-20_140044/config.yml",
    "loss_function": "MSELoss()",
    "learning_rate": 0.01,
    "camera_params": {
      "camera_angle_x": 0.5235987755982988,
      "camera_angle_y": 0.5235987755982988,
      "fl_x": 955.4050067376327,
      "fl_y": 955.4050067376327,
      "k1": 0,
      "k2": 0,
      "k3": 0,
      "k4": 0,
      "p1": 0,
      "p2": 0,
      "is_fisheye": false,
      "cx": 256.0,
      "cy": 256.0,
      "w": 512,
      "h": 512,
      "aabb_scale": 32
    },
    "initial_pose": [
      [
        -0.22050356252784914,
        -0.21815496526436798,
        -0.9506769378280965,
        -0.11759859962687236
      ],
      [
        -0.9667345488427059,
        0.17840946798457152,
        0.18328781780085426,
        0.23202394833190748
      ],
      [
        0.12962461109327447,
        0.9594677995182522,
        -0.2502378640609084,
        -0.2691504040773247
      ],
      [
        0.0,
        0.0,
        0.0,
        1.0
      ]
    ],
    "batch_size": 12
  },
  "iterations": [
    {
      "iteration_step": 0,
      "pose_param": [
        [
          -0.21048152446746826,
          -0.20813316106796265,
          -0.9605818390846252,
          -0.10758683830499649
        ],
        [
          -0.9566378593444824,
          0.1683916300535202,
          0.19326947629451752,
          0.22200076282024384
        ],
        [
          0.11961164325475693,
          0.949371874332428,
          -0.2402128130197525,
          -0.2791234850883484
        ]
      ],
      "loss_value": 0.04274299368262291
    },
    {
      "iteration_step": 1,
      "pose_param": [
        [
          -0.20045089721679688,
          -0.20060847699642181,
          -0.9704577922821045,
          -0.09765751659870148
        ],
        [
          -0.9466025829315186,
          0.15869414806365967,
          0.18613503873348236,
          0.22914054989814758
        ],
        [
          0.11115781962871552,
          0.939275324344635,
          -0.24432595074176788,
          -0.27357232570648193
        ]
      ],
      "loss_value": 0.04046644642949104
    },
    {
      "iteration_step": 2,
      "pose_param": [
        [
          -0.2000984102487564,
          -0.19860388338565826,
          -0.9726177453994751,
          -0.09426233917474747
        ],
        [
          -0.9467186331748962,
          0.14904539287090302,
          0.1890653669834137,
          0.22625674307346344
        ],
        [
          0.10244683921337128,
          0.930046558380127,
          -0.25069671869277954,
          -0.26615282893180847
        ]
      ],
      "loss_value": 0.04028456658124924
    },
    {
      "iteration_step": 3,
      "pose_param": [
        [
          -0.202734112739563,
          -0.1979130357503891,
          -0.9715495109558105,
          -0.09445131570100784
        ],
        [
          -0.9501141309738159,
          0.13937236368656158,
          0.1946924328804016,
          0.22061973810195923
        ],
        [
          0.09325170516967773,
          0.9211525917053223,
          -0.2574797570705414,
          -0.2583310902118683
        ]
      ],
      "loss_value": 0.03465382009744644
    },
    {
      "iteration_step": 4,
      "pose_param": [
        [
          -0.2038954347372055,
          -0.19953559339046478,
          -0.9717857837677002,
          -0.09396286308765411
        ],
        [
          -0.9536872506141663,
          0.12981678545475006,
          0.19884055852890015,
          0.21654541790485382
        ],
        [
          0.08503835648298264,
          0.9148379564285278,
          -0.2563740015029907,
          -0.2585785388946533
        ]
      ],
      "loss_value": 0.03407774493098259
    }
  ],
  "final_results": {
    "total_steps": 5,
    "final_loss": 0.03407774493098259,
    "min_loss": 0.03407774493098259,
    "time_elapsed": 63.68910789489746,
    "best_pose": [
      [
        -0.2038954347372055,
        -0.19953559339046478,
        -0.9717857837677002,
        -0.09396286308765411
      ],
      [
        -0.9536872506141663,
        0.12981678545475006,
        0.19884055852890015,
        0.21654541790485382
      ],
      [
        0.08503835648298264,
        0.9148379564285278,
        -0.2563740015029907,
        -0.2585785388946533
      ]
    ],
    "best_iteration": 4
  }
}