{
  "experiment_setup": {
    "config_path": "/n/home10/dpodolskyi/neural-registration/outputs/0_065_cat5_2/instant-ngp/2024-08-20_140044/config.yml",
    "loss_function": "L1Loss()",
    "learning_rate": 0.01,
    "camera_params": {
      "camera_angle_x": 0.5235987755982988,
      "camera_angle_y": 0.5235987755982988,
      "fl_x": 955.4050067376327,
      "fl_y": 955.4050067376327,
      "k1": 0,
      "k2": 0,
      "k3": 0,
      "k4": 0,
      "p1": 0,
      "p2": 0,
      "is_fisheye": false,
      "cx": 256.0,
      "cy": 256.0,
      "w": 512,
      "h": 512,
      "aabb_scale": 32
    },
    "initial_pose": [
      [
        -0.22050356252784914,
        -0.21815496526436798,
        -0.9506769378280965,
        -0.11759859962687236
      ],
      [
        -0.9667345488427059,
        0.17840946798457152,
        0.18328781780085426,
        0.23202394833190748
      ],
      [
        0.12962461109327447,
        0.9594677995182522,
        -0.2502378640609084,
        -0.2691504040773247
      ],
      [
        0.0,
        0.0,
        0.0,
        1.0
      ]
    ],
    "batch_size": 12
  },
  "iterations": [
    {
      "iteration_step": 0,
      "pose_param": [
        [
          -0.21048152446746826,
          -0.20813316106796265,
          -0.9605818390846252,
          -0.10758683830499649
        ],
        [
          -0.9566378593444824,
          0.1683916300535202,
          0.1932694911956787,
          0.22200074791908264
        ],
        [
          0.11961164325475693,
          0.949371874332428,
          -0.26021280884742737,
          -0.2591235041618347
        ]
      ],
      "loss_value": 0.12314292043447495
    },
    {
      "iteration_step": 1,
      "pose_param": [
        [
          -0.20104877650737762,
          -0.19925451278686523,
          -0.970137894153595,
          -0.09798171371221542
        ],
        [
          -0.9466733932495117,
          0.15906405448913574,
          0.1867709904909134,
          0.2280428558588028
        ],
        [
          0.10972248762845993,
          0.9410578012466431,
          -0.2539183795452118,
          -0.26448923349380493
        ]
      ],
      "loss_value": 0.11791954934597015
    },
    {
      "iteration_step": 2,
      "pose_param": [
        [
          -0.19745641946792603,
          -0.19531755149364471,
          -0.9731394052505493,
          -0.09544544667005539
        ],
        [
          -0.9474815726280212,
          0.14968523383140564,
          0.18811583518981934,
          0.22637209296226501
        ],
        [
          0.09976089745759964,
          0.9323880672454834,
          -0.2531570494174957,
          -0.2635030448436737
        ]
      ],
      "loss_value": 0.11361776292324066
    },
    {
      "iteration_step": 3,
      "pose_param": [
        [
          -0.19712084531784058,
          -0.1943703293800354,
          -0.9727109670639038,
          -0.09708651155233383
        ],
        [
          -0.9517139792442322,
          0.14029176533222198,
          0.19222892820835114,
          0.2220039963722229
        ],
        [
          0.08979027718305588,
          0.9245834946632385,
          -0.25347867608070374,
          -0.261396199464798
        ]
      ],
      "loss_value": 0.11019596457481384
    },
    {
      "iteration_step": 4,
      "pose_param": [
        [
          -0.196686252951622,
          -0.19798102974891663,
          -0.9720606207847595,
          -0.09861626476049423
        ],
        [
          -0.9570521712303162,
          0.13070423901081085,
          0.1952577531337738,
          0.21897202730178833
        ],
        [
          0.08027328550815582,
          0.919416069984436,
          -0.25107789039611816,
          -0.2622435390949249
        ]
      ],
      "loss_value": 0.10410135984420776
    }
  ],
  "final_results": {
    "total_steps": 5,
    "final_loss": 0.10410135984420776,
    "min_loss": 0.10410135984420776,
    "time_elapsed": 65.53540229797363,
    "best_pose": [
      [
        -0.196686252951622,
        -0.19798102974891663,
        -0.9720606207847595,
        -0.09861626476049423
      ],
      [
        -0.9570521712303162,
        0.13070423901081085,
        0.1952577531337738,
        0.21897202730178833
      ],
      [
        0.08027328550815582,
        0.919416069984436,
        -0.25107789039611816,
        -0.2622435390949249
      ]
    ],
    "best_iteration": 4
  }
}